,id,vendor_id,passenger_count,pickup_longitude,pickup_latitude,dropoff_longitude,dropoff_latitude,store_and_fwd_flag,trip_duration,pickup_datetime_hour, precipit_mm,pickup_year,dropoff_year,pickup_month,dropoff_month,pickup_day,dropoff_day,pickup_hour,dropoff_hour,pickup_minute,dropoff_minute,pickup_second,dropoff_second
0,id2816709,2,1,-73.95780944824219,40.772708892822266,-73.97380828857422,40.75663375854492,N,1026,2016-04-11 08:00:00,0.0,2016,2016,4,4,11,11,8,8,0,17,0,6
1,id3650138,1,2,-73.95382690429686,40.76686477661133,-73.95375061035155,40.78765106201172,N,675,2016-04-11 08:00:00,0.0,2016,2016,4,4,11,11,8,8,0,11,0,15
2,id3657409,2,3,-73.89777374267578,40.75432586669922,-73.93057250976562,40.77119064331055,N,557,2016-03-25 14:00:00,0.0,2016,2016,3,3,25,25,14,14,0,9,0,17
3,id2442511,1,1,-73.97806549072266,40.78327941894531,-73.96160888671875,40.77619934082031,N,578,2016-06-13 15:00:00,0.0,2016,2016,6,6,13,13,15,15,0,9,0,38
4,id0302807,1,2,-74.00804901123048,40.71800994873047,-73.98588562011719,40.76605987548828,N,1883,2016-04-27 17:00:00,0.0,2016,2016,4,4,27,27,17,17,0,31,0,23
5,id2090384,2,1,-73.94770812988281,40.776233673095696,-73.98434448242188,40.73038101196289,N,1757,2016-02-02 15:00:00,0.0,2016,2016,2,2,2,2,15,15,0,29,0,17
6,id2553015,2,1,-73.98088836669923,40.76359939575195,-73.96820068359375,40.7708740234375,N,611,2016-04-22 11:00:00,0.0,2016,2016,4,4,22,22,11,11,0,10,0,11
7,id2875820,2,1,-74.01458740234375,40.70486831665039,-74.00296020507811,40.72002029418945,N,754,2016-03-21 17:00:00,0.0,2016,2016,3,3,21,21,17,17,0,12,0,34
8,id0575217,1,1,-74.00971221923827,40.70617294311523,-74.00444030761719,40.71002578735352,N,155,2016-02-24 22:00:00,2.286,2016,2016,2,2,24,24,22,22,0,2,0,35
9,id1824912,2,1,-73.99858856201173,40.76076126098633,-73.98197937011719,40.76333999633789,N,662,2016-05-28 12:00:00,0.0,2016,2016,5,5,28,28,12,12,0,11,0,2
10,id1030093,2,1,-73.9925079345703,40.758209228515625,-73.98416137695312,40.76944351196289,N,363,2016-02-02 18:00:00,0.0,2016,2016,2,2,2,2,18,18,0,6,0,3
11,id1517817,2,3,-73.95423126220702,40.79006958007813,-73.94635772705078,40.68743133544922,N,3246,2016-03-23 15:00:00,0.0,2016,2016,3,3,23,23,15,15,0,54,0,6
12,id2130371,2,5,-73.97872924804686,40.74494934082031,-74.0135726928711,40.709171295166016,N,790,2016-05-14 13:00:00,0.0,2016,2016,5,5,14,14,13,13,0,13,0,10
13,id3033788,2,4,-73.96365356445312,40.761390686035156,-73.97779846191406,40.7293815612793,N,898,2016-05-14 13:00:00,0.0,2016,2016,5,5,14,14,13,13,0,14,0,58
14,id2074691,1,1,-73.9996337890625,40.76127624511719,-73.9764633178711,40.75806427001953,N,741,2016-04-22 07:00:00,0.0,2016,2016,4,4,22,22,7,7,0,12,0,21
15,id1774875,2,1,-73.873046875,40.77397155761719,-73.97801971435547,40.762840270996094,N,2614,2016-04-20 17:00:00,0.0,2016,2016,4,4,20,20,17,17,0,43,0,34
16,id3979259,2,1,-73.98059844970702,40.73831176757813,-73.98686981201173,40.73389053344727,N,171,2016-01-15 17:00:00,0.0,2016,2016,1,1,15,15,17,17,0,2,0,51
17,id3007581,1,1,-73.99347686767578,40.75623321533203,-73.78263854980467,40.64883804321289,N,3108,2016-04-09 15:00:00,0.254,2016,2016,4,4,9,9,15,15,0,51,0,48
18,id3984166,2,6,-73.9808120727539,40.742000579833984,-73.98381805419923,40.72856903076172,N,792,2016-05-13 12:00:00,0.0,2016,2016,5,5,13,13,12,12,0,13,0,12
19,id3741018,2,1,-73.97709655761719,40.7586784362793,-73.97048950195312,40.75915908813477,N,475,2016-03-28 13:00:00,0.0,2016,2016,3,3,28,28,13,13,0,7,0,55
20,id1198498,1,1,-74.01655578613281,40.704750061035156,-73.98408508300781,40.74995803833008,N,1161,2016-04-14 22:00:00,0.0,2016,2016,4,4,14,14,22,22,0,19,0,21
21,id1627562,2,1,-73.9914321899414,40.71748352050781,-73.9912109375,40.68616104125977,N,881,2016-03-20 22:00:00,0.254,2016,2016,3,3,20,20,22,22,0,14,0,41
22,id3243817,2,1,-73.92884063720702,40.74660873413085,-73.92884063720702,40.74660873413085,N,8,2016-02-18 15:00:00,0.0,2016,2016,2,2,18,18,15,15,0,0,0,8
23,id3681845,2,3,-73.97089385986328,40.75921630859375,-73.9786605834961,40.761173248291016,N,196,2016-03-19 04:00:00,0.0,2016,2016,3,3,19,19,4,4,0,3,0,16
24,id1276226,2,2,-73.98823547363281,40.74907302856445,-74.01272583007811,40.7186279296875,N,775,2016-02-22 22:00:00,0.0,2016,2016,2,2,22,22,22,22,0,12,0,55
25,id2096016,2,1,-73.7899169921875,40.643310546875,-73.9566650390625,40.71275329589844,N,4003,2016-04-14 13:00:00,0.0,2016,2016,4,4,14,14,13,14,0,6,0,43
26,id0294923,1,2,-73.7768325805664,40.64546203613281,-73.98470306396483,40.66713333129883,N,4420,2016-03-09 17:00:00,0.0,2016,2016,3,3,9,9,17,18,0,13,0,40
27,id2918115,1,1,-73.98839569091797,40.748268127441406,-74.00560760498048,40.7510871887207,N,544,2016-02-24 16:00:00,2.54,2016,2016,2,2,24,24,16,16,0,9,0,4
28,id3594845,1,1,-73.87088775634766,40.773780822753906,-73.95320892333984,40.76572036743164,N,842,2016-02-28 23:00:00,0.0,2016,2016,2,2,28,28,23,23,0,14,0,2
29,id1006156,2,1,-73.97702026367188,40.75349426269531,-73.98167419433594,40.76270294189453,N,477,2016-03-29 10:00:00,0.0,2016,2016,3,3,29,29,10,10,0,7,0,57
30,id0500177,2,1,-73.98902130126955,40.72320938110352,-74.00955963134766,40.7283592224121,N,506,2016-03-26 20:00:00,0.0,2016,2016,3,3,26,26,20,20,0,8,0,26
31,id3338183,1,1,-73.98989868164062,40.73360824584961,-73.94951629638672,40.70820999145508,N,1884,2016-03-26 20:00:00,0.0,2016,2016,3,3,26,26,20,20,0,31,0,24
32,id2424375,2,1,-73.98847198486328,40.72323989868164,-73.97859191894531,40.75090026855469,N,861,2016-01-27 07:00:00,0.0,2016,2016,1,1,27,27,7,7,0,14,0,21
33,id3235884,2,1,-74.00480651855469,40.74184036254883,-74.00821685791014,40.70777893066406,N,889,2016-03-05 16:00:00,0.0,2016,2016,3,3,5,5,16,16,0,14,0,49
34,id2219909,1,1,-73.98001098632812,40.73926162719727,-73.98445892333984,40.73208618164063,N,434,2016-06-16 11:00:00,0.0,2016,2016,6,6,16,16,11,11,0,7,0,14
35,id0367162,2,1,-73.98345947265625,40.76778411865234,-73.9651107788086,40.76387786865234,N,473,2016-04-23 01:00:00,0.254,2016,2016,4,4,23,23,1,1,0,7,0,53
36,id0334417,2,1,-73.96208190917969,40.77362823486328,-73.95166015625,40.77928161621094,N,262,2016-06-24 21:00:00,0.0,2016,2016,6,6,24,24,21,21,0,4,0,22
37,id3133937,1,1,-73.99012756347656,40.7408447265625,-74.00492095947266,40.729740142822266,N,393,2016-06-02 19:00:00,0.0,2016,2016,6,6,2,2,19,19,0,6,0,33
38,id3777049,2,5,-73.96183776855469,40.7711067199707,-73.97531890869139,40.75154495239258,N,1163,2016-06-02 19:00:00,0.0,2016,2016,6,6,2,2,19,19,0,19,0,23
39,id0049119,2,6,-73.98381042480467,40.76192092895508,-73.98812103271484,40.76900863647461,N,480,2016-01-08 20:00:00,0.0,2016,2016,1,1,8,8,20,20,0,8,0,0
40,id1908845,1,1,-73.98587799072266,40.742347717285156,-73.99080657958984,40.755836486816406,N,596,2016-01-09 00:00:00,0.0,2016,2016,1,1,9,9,0,0,0,9,0,56
41,id1892018,1,1,-73.98872375488281,40.74898910522461,-73.9750442504883,40.74456405639648,N,466,2016-01-26 07:00:00,0.0,2016,2016,1,1,26,26,7,7,0,7,0,46
42,id1255688,1,2,-73.96648406982422,40.753360748291016,-73.9619140625,40.75967788696289,N,136,2016-02-27 20:00:00,0.0,2016,2016,2,2,27,27,20,20,0,2,0,16
43,id1378770,2,2,-73.98728942871094,40.753868103027344,-73.92877960205078,40.69712829589844,N,2314,2016-02-15 22:00:00,1.778,2016,2016,2,2,15,15,22,22,0,38,0,34
44,id2820024,1,3,-73.98781585693358,40.72136306762695,-73.98655700683594,40.7513427734375,N,694,2016-05-26 00:00:00,0.0,2016,2016,5,5,26,26,0,0,0,11,0,34
45,id2535766,2,1,-74.00386047363281,40.73197937011719,-74.01013946533203,40.714210510253906,N,326,2016-03-20 15:00:00,0.0,2016,2016,3,3,20,20,15,15,0,5,0,26
46,id0196695,2,1,-73.9881591796875,40.74694442749024,-73.9893798828125,40.74787521362305,N,865,2016-01-28 08:00:00,0.0,2016,2016,1,1,28,28,8,8,0,14,0,25
47,id2252057,1,2,-73.95238494873048,40.76643371582031,-74.01340484619139,40.71522521972656,N,1139,2016-05-09 14:00:00,0.0,2016,2016,5,5,9,9,14,14,0,18,0,59
48,id1060581,2,1,-73.95008850097656,40.77163314819336,-73.99117279052734,40.75032806396485,N,1166,2016-04-23 20:00:00,0.0,2016,2016,4,4,23,23,20,20,0,19,0,26
49,id2821687,1,1,-73.96773529052734,40.78765487670898,-73.96099853515625,40.778419494628906,N,259,2016-03-23 11:00:00,0.0,2016,2016,3,3,23,23,11,11,0,4,0,19
50,id2154992,2,3,-73.99031829833984,40.7559928894043,-73.98181915283203,40.76836395263672,N,216,2016-04-10 06:00:00,0.0,2016,2016,4,4,10,10,6,6,0,3,0,36
51,id0036746,2,1,-73.97804260253906,40.762710571289055,-73.9783935546875,40.76279067993164,N,353,2016-02-06 22:00:00,0.0,2016,2016,2,2,6,6,22,22,0,5,0,53
52,id1348357,2,6,-73.9755859375,40.7522087097168,-73.94691467285155,40.77413558959961,N,941,2016-03-08 16:00:00,0.0,2016,2016,3,3,8,8,16,16,0,15,0,41
53,id0566342,2,1,-73.98992156982422,40.7470703125,-73.96212768554686,40.71165084838867,N,1852,2016-03-10 20:00:00,0.0,2016,2016,3,3,10,10,20,20,0,30,0,52
54,id0312188,2,1,-73.95860290527342,40.71295166015625,-73.94407653808595,40.71155166625977,N,296,2016-04-29 22:00:00,0.254,2016,2016,4,4,29,29,22,22,0,4,0,56
55,id0898241,2,2,-73.99832916259766,40.740501403808594,-74.00261688232422,40.733829498291016,N,264,2016-04-29 22:00:00,0.254,2016,2016,4,4,29,29,22,22,0,4,0,24
56,id1699906,2,2,-74.0053176879883,40.740501403808594,-73.97415161132812,40.731201171875,N,693,2016-06-20 21:00:00,0.0,2016,2016,6,6,20,20,21,21,0,11,0,33
57,id0767244,1,1,-73.98451232910156,40.744606018066406,-73.98603820800781,40.76777648925781,N,671,2016-06-10 21:00:00,0.0,2016,2016,6,6,10,10,21,21,0,11,0,11
58,id3732666,1,1,-73.95518493652342,40.76603698730469,-73.98546600341797,40.755683898925774,N,1353,2016-05-03 09:00:00,0.508,2016,2016,5,5,3,3,9,9,0,22,0,33
59,id3017250,1,2,-73.98902893066406,40.758644104003906,-74.00019073486328,40.758613586425774,N,220,2016-05-03 09:00:00,0.508,2016,2016,5,5,3,3,9,9,0,3,0,40
60,id2607862,1,1,-73.9934844970703,40.72746276855469,-74.00141906738281,40.68005752563477,N,1361,2016-04-10 13:00:00,0.0,2016,2016,4,4,10,10,13,13,0,22,0,41
61,id2464339,2,1,-73.99815368652342,40.73030853271485,-74.00151824951173,40.72616958618164,N,185,2016-03-13 11:00:00,0.0,2016,2016,3,3,13,13,11,11,0,3,0,5
62,id1130362,2,1,-73.98743438720702,40.724830627441406,-73.99168395996094,40.73527908325195,N,280,2016-04-25 23:00:00,0.0,2016,2016,4,4,25,25,23,23,0,4,0,40
63,id1113212,2,5,-73.98272705078125,40.77204895019531,-73.9803009033203,40.75457000732422,N,911,2016-06-12 16:00:00,0.0,2016,2016,6,6,12,12,16,16,0,15,0,11
64,id0363780,1,1,-73.98516845703125,40.75814056396485,-73.98880767822266,40.73639297485352,N,812,2016-05-15 22:00:00,0.0,2016,2016,5,5,15,15,22,22,0,13,0,32
65,id1651289,2,5,-73.99584197998048,40.74396896362305,-74.0051498413086,40.74114990234375,N,608,2016-06-01 13:00:00,0.0,2016,2016,6,6,1,1,13,13,0,10,0,8
66,id1976512,2,2,-73.96762084960938,40.79254150390625,-73.9776382446289,40.78414916992188,N,259,2016-06-07 20:00:00,0.0,2016,2016,6,6,7,7,20,20,0,4,0,19
67,id0904972,2,1,-73.97943115234375,40.74453353881836,-73.96778869628906,40.76674270629883,N,802,2016-06-07 20:00:00,0.0,2016,2016,6,6,7,7,20,20,0,13,0,22
68,id1290690,1,1,-73.98475646972656,40.76127624511719,-74.00953674316406,40.720081329345696,N,1031,2016-05-06 00:00:00,0.0,2016,2016,5,5,6,6,0,0,0,17,0,11
69,id2995803,2,4,-73.99475860595702,40.72789001464844,-74.00142669677734,40.72127914428711,N,209,2016-02-08 13:00:00,0.0,2016,2016,2,2,8,8,13,13,0,3,0,29
70,id0836764,2,2,-73.99781036376955,40.71821975708008,-74.00882720947266,40.73962020874024,N,869,2016-02-08 13:00:00,0.0,2016,2016,2,2,8,8,13,13,0,14,0,29
71,id3663378,2,5,-73.99455261230467,40.75020980834961,-74.00473022460938,40.752140045166016,N,298,2016-06-16 06:00:00,2.286,2016,2016,6,6,16,16,6,6,0,4,0,58
72,id2870953,2,2,-73.9843521118164,40.769718170166016,-73.9913558959961,40.73917770385742,N,1115,2016-06-05 18:00:00,2.7939999999999996,2016,2016,6,6,5,5,18,18,0,18,0,35
73,id2497579,2,3,-74.00102996826173,40.731800079345696,-73.99617767333984,40.723533630371094,N,480,2016-03-12 14:00:00,0.0,2016,2016,3,3,12,12,14,14,0,8,0,0
74,id2474134,2,3,-74.00957489013672,40.7048225402832,-73.99612426757811,40.69458770751953,N,787,2016-01-07 13:00:00,0.0,2016,2016,1,1,7,7,13,13,0,13,0,7
75,id2471134,2,1,-73.96531677246094,40.75499725341797,-73.95681762695312,40.766563415527344,N,211,2016-01-20 23:00:00,0.0,2016,2016,1,1,20,20,23,23,0,3,0,31
76,id2575954,2,1,-74.01537322998048,40.7076416015625,-74.00515747070312,40.71746826171875,N,408,2016-06-14 18:00:00,0.0,2016,2016,6,6,14,14,18,18,0,6,0,48
77,id2911108,2,1,-73.97635650634766,40.75151062011719,-73.9760208129883,40.76567077636719,N,796,2016-01-20 15:00:00,0.0,2016,2016,1,1,20,20,15,15,0,13,0,16
78,id3958293,1,3,-73.98286437988281,40.77195739746094,-73.9650650024414,40.76176452636719,N,805,2016-04-19 19:00:00,0.0,2016,2016,4,4,19,19,19,19,0,13,0,25
79,id0281663,2,2,-73.9891586303711,40.758296966552734,-74.00109100341797,40.71746063232422,N,1202,2016-01-31 00:00:00,0.0,2016,2016,1,1,31,31,0,0,0,20,0,2
80,id0476999,2,1,-73.87277221679686,40.774024963378906,-73.9854965209961,40.68872833251953,N,1094,2016-03-16 22:00:00,0.0,2016,2016,3,3,16,16,22,22,0,18,0,14
81,id2121391,1,1,-73.96253204345702,40.769691467285156,-73.96343231201173,40.77361679077149,N,185,2016-05-28 14:00:00,0.0,2016,2016,5,5,28,28,14,14,0,3,0,5
82,id1261383,2,1,-73.77676391601562,40.64516830444336,-73.84866333007811,40.659339904785156,N,885,2016-05-21 22:00:00,0.0,2016,2016,5,5,21,21,22,22,0,14,0,45
83,id1478292,1,1,-73.9571304321289,40.770103454589844,-73.96770477294923,40.762298583984375,N,124,2016-06-07 02:00:00,0.0,2016,2016,6,6,7,7,2,2,0,2,0,4
84,id0818667,1,1,-73.98390960693358,40.74334716796875,-73.95616912841797,40.784523010253906,N,781,2016-02-03 22:00:00,0.0,2016,2016,2,2,3,3,22,22,0,13,0,1
85,id0176539,2,1,-73.98139953613281,40.74728012084961,-73.98880767822266,40.7440185546875,N,448,2016-05-21 21:00:00,0.0,2016,2016,5,5,21,21,21,21,0,7,0,28
86,id0638908,1,1,-74.0023880004883,40.73431015014648,-74.0074234008789,40.74092102050781,N,292,2016-05-26 09:00:00,0.0,2016,2016,5,5,26,26,9,9,0,4,0,52
87,id1769063,1,1,-74.00028228759766,40.71077346801758,-74.00709533691406,40.71465301513672,N,389,2016-02-27 22:00:00,0.0,2016,2016,2,2,27,27,22,22,0,6,0,29
88,id3239601,1,1,-73.989013671875,40.76854705810547,-73.96952819824219,40.800201416015625,N,812,2016-01-03 16:00:00,0.0,2016,2016,1,1,3,3,16,16,0,13,0,32
89,id1451647,2,1,-73.97994232177734,40.754791259765625,-73.98217010498048,40.7359733581543,N,604,2016-02-25 22:00:00,0.0,2016,2016,2,2,25,25,22,22,0,10,0,4
90,id0138506,2,1,-73.98123168945312,40.7479248046875,-73.9769058227539,40.755683898925774,N,345,2016-04-27 15:00:00,0.0,2016,2016,4,4,27,27,15,15,0,5,0,45
91,id3473754,1,2,-73.9776382446289,40.7542839050293,-73.99774932861328,40.71800994873047,N,1102,2016-01-09 12:00:00,0.0,2016,2016,1,1,9,9,12,12,0,18,0,22
92,id1211489,1,1,-73.9810791015625,40.73469543457031,-73.9784927368164,40.75413131713867,N,492,2016-02-19 07:00:00,0.0,2016,2016,2,2,19,19,7,7,0,8,0,12
93,id2029767,1,1,-73.97225189208984,40.79411697387695,-73.96593475341797,40.79484176635742,N,327,2016-04-13 16:00:00,0.0,2016,2016,4,4,13,13,16,16,0,5,0,27
94,id1844792,2,1,-73.99114227294923,40.73529815673828,-73.97922515869139,40.73111343383789,N,448,2016-03-11 15:00:00,0.0,2016,2016,3,3,11,11,15,15,0,7,0,28
95,id3070692,1,1,-73.79029846191406,40.64378356933594,-73.98202514648438,40.76276779174805,N,3462,2016-06-04 15:00:00,0.0,2016,2016,6,6,4,4,15,15,0,57,0,42
96,id2477790,2,1,-73.9832305908203,40.781646728515625,-73.97238922119139,40.79131317138672,N,277,2016-03-09 19:00:00,0.0,2016,2016,3,3,9,9,19,19,0,4,0,37
97,id0032531,1,1,-73.95249938964844,40.76658248901367,-73.95539093017578,40.77680969238281,N,367,2016-03-09 19:00:00,0.0,2016,2016,3,3,9,9,19,19,0,6,0,7
98,id1770429,1,4,-73.98217010498048,40.739967346191406,-74.0013427734375,40.7554817199707,N,590,2016-01-03 09:00:00,0.0,2016,2016,1,1,3,3,9,9,0,9,0,50
99,id3378574,1,1,-73.99134063720702,40.74475860595703,-73.97551727294923,40.75780487060547,N,438,2016-04-26 07:00:00,0.0,2016,2016,4,4,26,26,7,7,0,7,0,18
100,id2650129,2,1,-73.98432159423827,40.72895050048828,-73.98146820068358,40.75890731811523,N,937,2016-04-16 12:00:00,0.0,2016,2016,4,4,16,16,12,12,0,15,0,37
101,id1460699,1,1,-73.9708251953125,40.75011444091797,-73.94932556152342,40.80196380615234,N,1347,2016-06-25 00:00:00,0.0,2016,2016,6,6,25,25,0,0,0,22,0,27
102,id3163693,2,4,-73.98905944824219,40.769874572753906,-73.97789001464844,40.75463104248047,N,457,2016-06-09 23:00:00,0.0,2016,2016,6,6,9,9,23,23,0,7,0,37
103,id2968030,1,1,-73.96895599365234,40.764076232910156,-73.96469116210938,40.77405548095703,N,273,2016-04-12 07:00:00,2.286,2016,2016,4,4,12,12,7,7,0,4,0,33
104,id2657573,2,1,-73.96735382080078,40.75612258911133,-74.00165557861328,40.72271347045898,N,897,2016-04-25 20:00:00,0.0,2016,2016,4,4,25,25,20,20,0,14,0,57
105,id1687858,1,1,-73.94558715820312,40.77807235717773,-73.99018859863281,40.768104553222656,N,769,2016-06-15 07:00:00,0.0,2016,2016,6,6,15,15,7,7,0,12,0,49
106,id2758284,1,1,-73.97901153564453,40.775856018066406,-73.87100982666014,40.77416610717773,N,2092,2016-05-12 04:00:00,0.0,2016,2016,5,5,12,12,4,4,0,34,0,52
107,id2749632,2,1,-73.78202056884766,40.64480972290039,-73.94966125488281,40.77109146118164,N,2044,2016-01-16 23:00:00,0.0,2016,2016,1,1,16,16,23,23,0,34,0,4
108,id2735778,1,1,-73.98087310791014,40.74488067626953,-73.9867630004883,40.75466537475585,N,801,2016-05-24 08:00:00,0.508,2016,2016,5,5,24,24,8,8,0,13,0,21
109,id0202798,2,1,-73.95779418945312,40.773582458496094,-73.95498657226562,40.777503967285156,N,103,2016-06-25 17:00:00,0.0,2016,2016,6,6,25,25,17,17,0,1,0,43
110,id0366001,1,1,-73.96040344238281,40.775733947753906,-73.96075439453125,40.80681228637695,N,841,2016-03-29 14:00:00,0.0,2016,2016,3,3,29,29,14,14,0,14,0,1
111,id1050316,2,1,-74.01300048828125,40.70391845703125,-73.87300872802734,40.77421188354492,N,2989,2016-02-01 17:00:00,0.0,2016,2016,2,2,1,1,17,17,0,49,0,49
112,id0643507,1,1,-73.98259735107422,40.76829528808594,-73.97605895996094,40.765621185302734,N,102,2016-06-01 19:00:00,0.0,2016,2016,6,6,1,1,19,19,0,1,0,42
113,id0016861,2,1,-73.98072052001955,40.75072860717773,-73.98255157470702,40.767921447753906,N,912,2016-02-18 18:00:00,0.0,2016,2016,2,2,18,18,18,18,0,15,0,12
114,id3120074,1,1,-73.94422912597656,40.71455001831055,-73.94392395019531,40.72204971313477,N,276,2016-04-20 23:00:00,0.0,2016,2016,4,4,20,20,23,23,0,4,0,36
115,id1338554,2,1,-73.98805236816406,40.775245666503906,-73.97931671142578,40.783592224121094,N,381,2016-01-30 18:00:00,0.0,2016,2016,1,1,30,30,18,18,0,6,0,21
116,id2031305,2,1,-73.95880889892578,40.76390075683594,-73.95860290527342,40.781349182128906,N,522,2016-03-30 08:00:00,0.0,2016,2016,3,3,30,30,8,8,0,8,0,42
117,id1173742,2,1,-73.96360015869139,40.80279159545898,-73.93824005126955,40.81884765625,N,1517,2016-05-11 18:00:00,0.0,2016,2016,5,5,11,11,18,18,0,25,0,17
118,id3475491,1,1,-73.95838165283203,40.77265930175781,-73.94664764404298,40.77582931518555,N,219,2016-06-11 16:00:00,0.0,2016,2016,6,6,11,11,16,16,0,3,0,39
119,id2331182,1,1,-73.96715545654298,40.75654602050781,-73.95854187011719,40.76475143432617,N,824,2016-03-16 09:00:00,0.0,2016,2016,3,3,16,16,9,9,0,13,0,44
120,id0377387,2,1,-73.97258758544923,40.7451400756836,-73.97911071777342,40.75294876098633,N,1063,2016-06-15 13:00:00,0.0,2016,2016,6,6,15,15,13,13,0,17,0,43
121,id0450472,2,2,-73.99425506591797,40.75121688842773,-73.98844909667969,40.76922607421875,N,288,2016-03-24 06:00:00,0.0,2016,2016,3,3,24,24,6,6,0,4,0,48
122,id1416792,1,2,-73.9794692993164,40.76512145996094,-73.98719024658203,40.75411987304688,N,1158,2016-04-11 18:00:00,0.254,2016,2016,4,4,11,11,18,18,0,19,0,18
123,id3012232,1,1,-73.99795532226562,40.717018127441406,-73.98392486572266,40.72711944580078,N,820,2016-04-16 19:00:00,0.0,2016,2016,4,4,16,16,19,19,0,13,0,40
124,id1942956,1,1,-74.0012435913086,40.719947814941406,-73.96138763427734,40.68230819702149,N,1262,2016-05-21 17:00:00,0.0,2016,2016,5,5,21,21,17,17,0,21,0,2
125,id1950443,2,1,-73.98277282714845,40.74782943725585,-73.97213745117188,40.757972717285156,N,350,2016-05-08 17:00:00,0.0,2016,2016,5,5,8,8,17,17,0,5,0,50
126,id2541151,1,1,-73.97541046142578,40.77699661254883,-73.95596313476562,40.77284622192383,N,649,2016-03-16 15:00:00,0.0,2016,2016,3,3,16,16,15,15,0,10,0,49
127,id0097445,2,1,-73.94539642333984,40.7823486328125,-73.95571899414062,40.80453872680664,N,623,2016-02-25 21:00:00,0.0,2016,2016,2,2,25,25,21,21,0,10,0,23
128,id3157177,2,1,-73.96781158447266,40.75223159790039,-73.98133087158203,40.74612045288085,N,492,2016-06-09 08:00:00,0.0,2016,2016,6,6,9,9,8,8,0,8,0,12
129,id2873813,2,1,-73.94878387451173,40.78201675415039,-73.95328521728516,40.77947998046875,N,199,2016-04-27 09:00:00,0.0,2016,2016,4,4,27,27,9,9,0,3,0,19
130,id1772219,2,5,-73.97808074951173,40.75349044799805,-73.97332763671875,40.765098571777344,N,960,2016-04-19 16:00:00,0.0,2016,2016,4,4,19,19,16,16,0,16,0,0
131,id2948414,1,4,-74.00626373291014,40.740421295166016,-73.98391723632812,40.74648666381836,N,1100,2016-01-19 11:00:00,0.0,2016,2016,1,1,19,19,11,11,0,18,0,20
132,id1713470,2,1,-74.00930023193358,40.72153091430664,-74.00623321533203,40.7336311340332,N,203,2016-02-15 09:00:00,0.0,2016,2016,2,2,15,15,9,9,0,3,0,23
133,id1910826,1,1,-73.97671508789062,40.74783325195313,-73.96573638916014,40.7629508972168,N,1437,2016-06-08 19:00:00,0.0,2016,2016,6,6,8,8,19,19,0,23,0,57
134,id0683114,1,1,-73.98574829101562,40.743408203125,-73.97164154052734,40.75938034057617,N,1079,2016-06-08 19:00:00,0.0,2016,2016,6,6,8,8,19,19,0,17,0,59
135,id1219840,1,1,-74.004150390625,40.74775695800781,-74.00424194335938,40.75252151489258,N,364,2016-03-06 16:00:00,0.0,2016,2016,3,3,6,6,16,16,0,6,0,4
136,id1570357,1,1,-73.98432159423827,40.76972961425781,-73.99370574951173,40.721187591552734,N,1647,2016-06-01 21:00:00,0.0,2016,2016,6,6,1,1,21,21,0,27,0,27
137,id1075649,1,1,-73.98855590820312,40.75537490844727,-73.98555755615234,40.73979949951172,N,530,2016-02-27 18:00:00,0.0,2016,2016,2,2,27,27,18,18,0,8,0,50
138,id2884671,1,1,-73.9516067504883,40.77215576171875,-73.99141693115234,40.74990463256836,N,1092,2016-02-03 07:00:00,0.254,2016,2016,2,2,3,3,7,7,0,18,0,12
139,id1394958,2,5,-74.01206970214845,40.70724487304688,-73.9688949584961,40.75027465820313,N,1025,2016-05-17 14:00:00,0.0,2016,2016,5,5,17,17,14,14,0,17,0,5
140,id2063582,2,6,-73.98397827148438,40.72951126098633,-73.97796630859375,40.73054885864258,N,132,2016-06-20 12:00:00,0.0,2016,2016,6,6,20,20,12,12,0,2,0,12
141,id2539083,2,1,-73.9845962524414,40.74453353881836,-74.00672149658203,40.731693267822266,N,666,2016-02-17 20:00:00,0.0,2016,2016,2,2,17,17,20,20,0,11,0,6
142,id2864601,1,1,-73.87096405029298,40.77371597290039,-73.95867156982422,40.764892578125,N,1273,2016-04-25 22:00:00,0.0,2016,2016,4,4,25,25,22,22,0,21,0,13
143,id3046686,2,1,-74.01628875732422,40.70486831665039,-73.97663879394531,40.75511932373047,N,2409,2016-05-14 15:00:00,0.0,2016,2016,5,5,14,14,15,15,0,40,0,9
144,id0967928,2,1,-73.97830963134766,40.7458610534668,-73.99889373779298,40.72439956665039,N,1123,2016-03-11 20:00:00,0.0,2016,2016,3,3,11,11,20,20,0,18,0,43
145,id2476108,2,1,-73.9874267578125,40.74421691894531,-74.00836944580078,40.71588134765625,N,798,2016-06-12 00:00:00,0.0,2016,2016,6,6,12,12,0,0,0,13,0,18
146,id3944807,1,2,-73.95759582519531,40.77975082397461,-73.94547271728516,40.80034255981445,N,707,2016-06-02 15:00:00,0.0,2016,2016,6,6,2,2,15,15,0,11,0,47
147,id3749815,1,1,-73.9454116821289,40.77843856811523,-73.9845962524414,40.74431228637695,N,1177,2016-05-23 18:00:00,0.0,2016,2016,5,5,23,23,18,18,0,19,0,37
148,id3631928,1,1,-73.9543685913086,40.76730728149415,-73.9809341430664,40.77737426757813,N,965,2016-05-23 08:00:00,0.0,2016,2016,5,5,23,23,8,8,0,16,0,5
149,id2400029,2,1,-73.97583770751955,40.77617645263672,-73.9728775024414,40.761810302734375,N,348,2016-05-23 08:00:00,0.0,2016,2016,5,5,23,23,8,8,0,5,0,48
150,id2854940,1,1,-73.98211669921875,40.77900314331055,-73.96851348876955,40.76745223999024,N,829,2016-06-14 10:00:00,0.0,2016,2016,6,6,14,14,10,10,0,13,0,49
151,id1733366,1,1,-73.96797180175781,40.77125930786133,-73.97380828857422,40.76436233520508,N,268,2016-01-06 12:00:00,0.0,2016,2016,1,1,6,6,12,12,0,4,0,28
152,id3085433,2,5,-73.97828674316406,40.78289031982422,-73.9794921875,40.7896614074707,N,179,2016-01-01 19:00:00,0.0,2016,2016,1,1,1,1,19,19,0,2,0,59
153,id2208323,2,5,-73.98433685302734,40.75503921508789,-73.97773742675781,40.74605178833008,N,571,2016-02-10 07:00:00,0.0,2016,2016,2,2,10,10,7,7,0,9,0,31
154,id0088461,1,1,-73.9642562866211,40.76472091674805,-73.98207092285155,40.75159072875977,N,473,2016-02-16 00:00:00,0.0,2016,2016,2,2,16,16,0,0,0,7,0,53
155,id0466869,2,1,-73.96697235107422,40.75679016113281,-74.00514221191406,40.751480102539055,N,867,2016-02-16 00:00:00,0.0,2016,2016,2,2,16,16,0,0,0,14,0,27
156,id2228743,2,1,-73.9898452758789,40.729270935058594,-73.9749298095703,40.72005081176758,N,375,2016-02-03 10:00:00,0.0,2016,2016,2,2,3,3,10,10,0,6,0,15
157,id3335141,1,1,-73.95886993408203,40.768226623535156,-73.98136138916014,40.73396301269531,N,743,2016-03-17 21:00:00,0.0,2016,2016,3,3,17,17,21,21,0,12,0,23
158,id1184470,1,2,-73.95168304443358,40.77364730834961,-73.94271087646483,40.78585433959961,N,235,2016-01-20 18:00:00,0.0,2016,2016,1,1,20,20,18,18,0,3,0,55
159,id3715555,2,1,-73.95702362060547,40.77090072631836,-73.98990631103516,40.73548126220703,N,1857,2016-05-24 11:00:00,0.0,2016,2016,5,5,24,24,11,11,0,30,0,57
160,id3461432,1,2,-73.9539794921875,40.77505874633789,-73.94788360595702,40.77956771850585,N,217,2016-06-17 20:00:00,0.0,2016,2016,6,6,17,17,20,20,0,3,0,37
161,id0888465,1,1,-73.95470428466798,40.76562881469727,-73.96703338623048,40.758262634277344,N,383,2016-03-18 19:00:00,0.0,2016,2016,3,3,18,18,19,19,0,6,0,23
162,id2911587,1,1,-73.97351837158203,40.7578239440918,-73.97783660888672,40.78285217285156,N,803,2016-06-13 19:00:00,0.0,2016,2016,6,6,13,13,19,19,0,13,0,23
163,id3596340,1,1,-73.9642105102539,40.80764389038085,-74.00709533691406,40.7415885925293,N,2344,2016-05-14 18:00:00,0.0,2016,2016,5,5,14,14,18,18,0,39,0,4
164,id0471464,1,1,-73.97360229492188,40.76394653320313,-73.97583770751955,40.776363372802734,N,757,2016-05-06 18:00:00,0.0,2016,2016,5,5,6,6,18,18,0,12,0,37
165,id0869254,1,1,-74.00597381591797,40.70616912841797,-73.99503326416014,40.75000762939453,N,1523,2016-05-06 18:00:00,0.0,2016,2016,5,5,6,6,18,18,0,25,0,23
166,id2369353,2,2,-73.98014068603516,40.75983810424805,-73.98007202148438,40.757339477539055,N,732,2016-03-16 14:00:00,0.0,2016,2016,3,3,16,16,14,14,0,12,0,12
167,id1432218,1,1,-73.96945190429686,40.76907348632813,-73.989501953125,40.75885391235352,N,1568,2016-06-30 20:00:00,0.0,2016,2016,6,6,30,30,20,20,0,26,0,8
168,id2286831,1,2,-73.9612808227539,40.75625228881836,-73.85726165771484,40.83857345581055,N,1363,2016-03-02 22:00:00,0.0,2016,2016,3,3,2,2,22,22,0,22,0,43
169,id3515741,1,1,-73.9901123046875,40.71956634521485,-74.00223541259766,40.73444747924805,N,712,2016-01-10 00:00:00,0.0,2016,2016,1,1,10,10,0,0,0,11,0,52
170,id3829357,2,2,-73.95985412597656,40.773433685302734,-73.97325897216798,40.75802612304688,N,505,2016-03-10 15:00:00,0.0,2016,2016,3,3,10,10,15,15,0,8,0,25
172,id3492819,1,1,-73.98879241943358,40.74494934082031,-74.01602935791014,40.71166229248047,N,1394,2016-02-19 14:00:00,0.0,2016,2016,2,2,19,19,14,14,0,23,0,14
173,id3874544,1,1,-73.98992919921875,40.746620178222656,-73.98259735107422,40.75971603393555,N,137,2016-06-24 03:00:00,0.0,2016,2016,6,6,24,24,3,3,0,2,0,17
174,id1276615,1,1,-73.97215270996094,40.765419006347656,-73.94612884521484,40.773170471191406,N,955,2016-02-22 18:00:00,0.0,2016,2016,2,2,22,22,18,18,0,15,0,55
175,id0433130,1,1,-73.95590209960938,40.76812362670898,-73.98086547851562,40.773231506347656,N,741,2016-05-19 09:00:00,0.0,2016,2016,5,5,19,19,9,9,0,12,0,21
176,id2557769,1,1,-73.99667358398438,40.73747253417969,-73.97907257080078,40.76210403442383,N,345,2016-04-02 02:00:00,0.0,2016,2016,4,4,2,2,2,2,0,5,0,45
177,id0049324,1,1,-73.96080017089844,40.7615623474121,-73.9559097290039,40.76601028442383,N,262,2016-05-24 10:00:00,0.0,2016,2016,5,5,24,24,10,10,0,4,0,22
178,id2781721,1,4,-73.9740219116211,40.76435852050781,-73.9728012084961,40.7552604675293,N,328,2016-04-24 18:00:00,0.0,2016,2016,4,4,24,24,18,18,0,5,0,28
179,id3481442,2,1,-73.99003601074219,40.75683975219727,-73.98588562011719,40.760566711425774,N,253,2016-02-05 09:00:00,0.254,2016,2016,2,2,5,5,9,9,0,4,0,13
180,id3253676,2,1,-73.968017578125,40.7554931640625,-73.99363708496094,40.732925415039055,N,650,2016-01-10 20:00:00,0.0,2016,2016,1,1,10,10,20,20,0,10,0,50
181,id3397724,2,2,-73.97738647460938,40.78432083129883,-73.98194885253906,40.763858795166016,N,557,2016-02-18 21:00:00,0.0,2016,2016,2,2,18,18,21,21,0,9,0,17
182,id1346937,1,1,-74.00154876708984,40.727787017822266,-74.00587463378906,40.74522018432617,N,679,2016-02-18 21:00:00,0.0,2016,2016,2,2,18,18,21,21,0,11,0,19
183,id3565832,1,1,-73.99730682373048,40.74672317504883,-73.98292541503906,40.75105285644531,N,323,2016-05-23 20:00:00,0.0,2016,2016,5,5,23,23,20,20,0,5,0,23
184,id2287735,1,2,-73.98358154296875,40.75584411621094,-74.01435852050781,40.71395492553711,N,1209,2016-03-13 12:00:00,0.0,2016,2016,3,3,13,13,12,12,0,20,0,9
185,id2973693,2,1,-73.96665954589844,40.7612533569336,-73.95207977294923,40.77339172363281,N,263,2016-06-26 12:00:00,0.0,2016,2016,6,6,26,26,12,12,0,4,0,23
186,id3999805,1,1,-73.99405670166014,40.761497497558594,-73.97459411621094,40.732723236083984,N,913,2016-06-07 23:00:00,0.0,2016,2016,6,6,7,7,23,23,0,15,0,13
187,id3126454,2,1,-73.93737030029298,40.79758071899415,-73.94471740722656,40.78421020507813,N,161,2016-02-07 00:00:00,0.0,2016,2016,2,2,7,7,0,0,0,2,0,41
188,id3473464,2,6,-73.78824615478516,40.64742660522461,-73.90269470214845,40.70416641235352,N,2667,2016-04-01 15:00:00,0.0,2016,2016,4,4,1,1,15,15,0,44,0,27
189,id1032888,2,2,-73.97332000732422,40.756511688232415,-73.99246215820312,40.76253128051758,N,666,2016-03-24 22:00:00,0.0,2016,2016,3,3,24,24,22,22,0,11,0,6
190,id0468059,1,1,-73.98885345458984,40.72106552124024,-73.99890899658203,40.76030731201172,N,1493,2016-02-29 11:00:00,0.0,2016,2016,2,2,29,29,11,11,0,24,0,53
191,id2315485,1,2,-74.0022201538086,40.73960876464844,-74.0037384033203,40.72249221801758,N,595,2016-02-21 23:00:00,0.0,2016,2016,2,2,21,21,23,23,0,9,0,55
192,id1581523,2,1,-73.99498748779298,40.74518966674805,-73.99942016601562,40.72312927246094,N,1173,2016-02-11 12:00:00,0.0,2016,2016,2,2,11,11,12,12,0,19,0,33
193,id2723036,2,6,-74.00691986083984,40.74414825439453,-73.97615814208984,40.76390838623047,N,775,2016-02-24 04:00:00,0.254,2016,2016,2,2,24,24,4,4,0,12,0,55
194,id2834704,2,2,-73.97113037109375,40.7577018737793,-74.01592254638672,40.7050895690918,N,1319,2016-02-18 23:00:00,0.0,2016,2016,2,2,18,18,23,23,0,21,0,59
195,id0854704,1,1,-73.98268127441406,40.75584411621094,-73.97794342041014,40.763671875,N,505,2016-02-20 18:00:00,0.0,2016,2016,2,2,20,20,18,18,0,8,0,25
196,id3532607,1,1,-74.01702880859375,40.707176208496094,-74.01090240478516,40.72151947021485,N,313,2016-01-28 07:00:00,0.0,2016,2016,1,1,28,28,7,7,0,5,0,13
197,id1005619,1,1,-73.98873138427734,40.748966217041016,-73.78929901123048,40.64716720581055,N,4320,2016-03-17 18:00:00,0.0,2016,2016,3,3,17,17,18,19,0,12,0,0
198,id0223439,1,2,-74.00180053710938,40.72799682617188,-73.9781723022461,40.75235366821289,N,1060,2016-03-04 23:00:00,0.0,2016,2016,3,3,4,4,23,23,0,17,0,40
199,id2313547,1,2,-73.98899841308595,40.74118423461913,-73.9295654296875,40.77077865600585,N,1647,2016-03-04 23:00:00,0.0,2016,2016,3,3,4,4,23,23,0,27,0,27
200,id0305154,2,1,-73.95714569091797,40.76609802246094,-73.9701614379883,40.75071716308594,N,801,2016-04-13 08:00:00,0.0,2016,2016,4,4,13,13,8,8,0,13,0,21
201,id1067400,1,1,-73.96424102783203,40.77094650268555,-73.97553253173827,40.75501251220703,N,832,2016-06-28 09:00:00,0.0,2016,2016,6,6,28,28,9,9,0,13,0,52
202,id1858770,2,5,-74.00676727294923,40.73556900024415,-73.99562835693358,40.73891830444336,N,453,2016-06-23 14:00:00,0.0,2016,2016,6,6,23,23,14,14,0,7,0,33
203,id3724723,1,1,-73.97490692138672,40.78772354125977,-73.95867919921875,40.76906204223633,N,570,2016-01-10 01:00:00,0.0,2016,2016,1,1,10,10,1,1,0,9,0,30
204,id0611914,1,1,-73.97679901123048,40.74360656738281,-73.87045288085938,40.772457122802734,N,683,2016-05-08 07:00:00,1.27,2016,2016,5,5,8,8,7,7,0,11,0,23
205,id0134786,2,1,-74.00045013427734,40.742759704589844,-74.00623321533203,40.704200744628906,N,1533,2016-01-20 09:00:00,0.0,2016,2016,1,1,20,20,9,9,0,25,0,33
206,id0919089,2,1,-73.94682312011719,40.77241134643555,-73.9704818725586,40.7615623474121,N,1038,2016-06-06 11:00:00,0.0,2016,2016,6,6,6,6,11,11,0,17,0,18
207,id2974585,2,5,-73.98110961914062,40.74460983276367,-74.00251007080078,40.75611877441406,N,838,2016-03-25 20:00:00,0.0,2016,2016,3,3,25,25,20,20,0,13,0,58
208,id2299458,2,5,-74.00276947021484,40.72015380859375,-74.00979614257811,40.72217178344727,N,229,2016-03-26 09:00:00,0.0,2016,2016,3,3,26,26,9,9,0,3,0,49
209,id1876315,1,1,-73.98150634765625,40.77364730834961,-73.9807357788086,40.780738830566406,N,316,2016-01-13 19:00:00,0.0,2016,2016,1,1,13,13,19,19,0,5,0,16
210,id3981680,2,1,-73.98399353027342,40.78065872192383,-73.961181640625,40.76675033569336,N,976,2016-06-10 14:00:00,0.0,2016,2016,6,6,10,10,14,14,0,16,0,16
211,id1680935,2,1,-74.00904083251955,40.73944854736328,-73.97451782226562,40.77985000610352,N,2096,2016-06-02 14:00:00,0.0,2016,2016,6,6,2,2,14,14,0,34,0,56
212,id2492033,2,1,-73.95484161376955,40.77357864379883,-73.95919036865234,40.76765823364258,N,117,2016-04-04 07:00:00,0.508,2016,2016,4,4,4,4,7,7,0,1,0,57
213,id0261650,2,1,-73.98139190673827,40.73817825317383,-73.97855377197266,40.724609375,N,374,2016-03-28 12:00:00,0.0,2016,2016,3,3,28,28,12,12,0,6,0,14
214,id2941210,2,1,-73.7802734375,40.6457633972168,-73.97659301757811,40.7806053161621,N,2108,2016-06-30 00:00:00,0.0,2016,2016,6,6,30,30,0,0,0,35,0,8
215,id3949614,2,1,-73.9914779663086,40.750484466552734,-73.98279571533203,40.74617004394531,N,289,2016-06-22 06:00:00,0.0,2016,2016,6,6,22,22,6,6,0,4,0,49
216,id2400475,2,1,-73.99398040771484,40.75091552734375,-73.96704864501955,40.76947021484375,N,1121,2016-01-30 12:00:00,0.0,2016,2016,1,1,30,30,12,12,0,18,0,41
218,id0515943,1,1,-73.97733306884766,40.743064880371094,-73.98397827148438,40.74702835083008,N,265,2016-04-05 15:00:00,0.0,2016,2016,4,4,5,5,15,15,0,4,0,25
219,id2875633,2,3,-73.9695053100586,40.760013580322266,-73.98579406738281,40.75017547607422,N,603,2016-02-13 19:00:00,0.0,2016,2016,2,2,13,13,19,19,0,10,0,3
220,id1663579,2,1,-73.97412872314453,40.75752639770508,-73.98406219482422,40.74406433105469,N,677,2016-02-24 20:00:00,1.016,2016,2016,2,2,24,24,20,20,0,11,0,17
221,id1767467,2,1,-73.86627960205078,40.77138900756836,-74.00467681884766,40.75210952758789,N,2013,2016-03-15 23:00:00,0.0,2016,2016,3,3,15,15,23,23,0,33,0,33
222,id0690195,1,1,-73.9955825805664,40.7647705078125,-73.99334716796875,40.7431640625,N,534,2016-01-12 19:00:00,0.0,2016,2016,1,1,12,12,19,19,0,8,0,54
223,id2590921,2,1,-73.97628784179686,40.7397689819336,-73.9330825805664,40.75608825683594,N,876,2016-02-21 20:00:00,0.508,2016,2016,2,2,21,21,20,20,0,14,0,36
224,id0472513,1,1,-73.98328399658203,40.73405838012695,-73.9838638305664,40.743953704833984,N,424,2016-06-30 19:00:00,0.0,2016,2016,6,6,30,30,19,19,0,7,0,4
225,id2785658,2,4,-73.99982452392578,40.7332763671875,-73.98684692382812,40.72828674316406,N,479,2016-02-04 21:00:00,0.0,2016,2016,2,2,4,4,21,21,0,7,0,59
226,id1991783,2,1,-74.00423431396483,40.73793029785156,-73.97264862060547,40.75954818725585,N,1714,2016-04-29 09:00:00,0.0,2016,2016,4,4,29,29,9,9,0,28,0,34
227,id0977117,1,1,-73.97998809814453,40.73247146606445,-73.99005126953125,40.731929779052734,N,284,2016-03-09 08:00:00,0.0,2016,2016,3,3,9,9,8,8,0,4,0,44
228,id0216633,2,5,-73.9871597290039,40.74953842163085,-73.97341918945312,40.74383163452149,N,256,2016-03-06 03:00:00,0.0,2016,2016,3,3,6,6,3,3,0,4,0,16
229,id3535877,1,1,-73.99324798583984,40.74784851074219,-73.97293853759766,40.69169235229492,N,1528,2016-01-21 19:00:00,0.0,2016,2016,1,1,21,21,19,19,0,25,0,28
230,id0987231,2,1,-73.98931121826173,40.75299453735352,-73.95602416992188,40.702728271484375,N,1393,2016-01-10 14:00:00,0.254,2016,2016,1,1,10,10,14,14,0,23,0,13
231,id0650141,1,1,-73.98204803466798,40.77450180053711,-73.9715805053711,40.792236328125,N,269,2016-02-02 21:00:00,0.0,2016,2016,2,2,2,2,21,21,0,4,0,29
232,id2760779,1,1,-73.9456787109375,40.807632446289055,-73.99466705322266,40.75046157836913,N,2968,2016-05-14 14:00:00,0.0,2016,2016,5,5,14,14,14,14,0,49,0,28
233,id0091817,2,1,-73.95638275146483,40.771484375,-73.9906997680664,40.75106430053711,N,710,2016-02-21 09:00:00,0.0,2016,2016,2,2,21,21,9,9,0,11,0,50
234,id0852104,1,1,-73.98184204101562,40.755218505859375,-73.99296569824219,40.736194610595696,N,524,2016-04-29 19:00:00,0.254,2016,2016,4,4,29,29,19,19,0,8,0,44
235,id0789649,1,1,-73.95538330078125,40.78767013549805,-73.9529037475586,40.78165817260742,N,440,2016-06-05 13:00:00,0.0,2016,2016,6,6,5,5,13,13,0,7,0,20
236,id3300674,2,1,-73.9957733154297,40.76445388793945,-73.99491119384766,40.76924133300781,N,511,2016-01-10 09:00:00,0.254,2016,2016,1,1,10,10,9,9,0,8,0,31
237,id0038982,1,1,-73.98146820068358,40.76347351074219,-73.98606109619139,40.69218826293945,N,1151,2016-04-14 03:00:00,0.0,2016,2016,4,4,14,14,3,3,0,19,0,11
238,id3578567,2,1,-73.95564270019531,40.77193069458008,-73.96878051757811,40.76110076904297,N,810,2016-04-26 16:00:00,0.508,2016,2016,4,4,26,26,16,16,0,13,0,30
239,id0762108,2,1,-73.99080657958984,40.750789642333984,-74.01175689697266,40.70444869995117,N,1163,2016-04-26 16:00:00,0.508,2016,2016,4,4,26,26,16,16,0,19,0,23
240,id2347822,2,1,-73.99413299560547,40.72253036499024,-73.9415512084961,40.7075309753418,N,1015,2016-06-14 22:00:00,0.0,2016,2016,6,6,14,14,22,22,0,16,0,55
241,id0414556,2,1,-74.00949859619139,40.70636367797852,-73.86557006835938,40.77081680297852,N,1938,2016-04-15 11:00:00,0.0,2016,2016,4,4,15,15,11,11,0,32,0,18
242,id1203740,1,1,-73.99382019042969,40.72727966308594,-74.00615692138672,40.72346496582031,N,439,2016-03-21 11:00:00,0.0,2016,2016,3,3,21,21,11,11,0,7,0,19
243,id1459349,1,1,-73.97869110107422,40.73666763305664,-73.98342895507811,40.73440551757813,N,107,2016-01-20 06:00:00,0.0,2016,2016,1,1,20,20,6,6,0,1,0,47
244,id2975395,2,1,-73.98738861083984,40.76439666748047,-73.94627380371094,40.82694625854492,N,914,2016-06-02 03:00:00,0.0,2016,2016,6,6,2,2,3,3,0,15,0,14
245,id2703482,1,1,-74.00885009765625,40.74551010131836,-73.99478149414062,40.7503776550293,N,541,2016-02-08 19:00:00,0.0,2016,2016,2,2,8,8,19,19,0,9,0,1
246,id1023391,1,1,-73.97962188720702,40.73652648925781,-73.98181915283203,40.68664169311523,N,1585,2016-06-23 18:00:00,0.0,2016,2016,6,6,23,23,18,18,0,26,0,25
247,id2436616,2,2,-73.9505157470703,40.77516555786133,-73.95074462890625,40.7238655090332,N,1665,2016-06-13 09:00:00,0.0,2016,2016,6,6,13,13,9,9,0,27,0,45
248,id0462276,2,1,-73.97612762451173,40.77652359008789,-73.9813003540039,40.784217834472656,N,546,2016-03-28 11:00:00,0.0,2016,2016,3,3,28,28,11,11,0,9,0,6
249,id3878061,1,1,-73.98868560791014,40.74308395385742,-73.99749755859375,40.724517822265625,N,576,2016-03-19 12:00:00,0.0,2016,2016,3,3,19,19,12,12,0,9,0,36
250,id2644767,1,2,-73.98983764648438,40.72323989868164,-73.94499969482422,40.833900451660156,N,1842,2016-04-16 23:00:00,0.0,2016,2016,4,4,16,16,23,23,0,30,0,42
251,id2920937,2,2,-73.97563934326173,40.78800582885742,-73.9818801879883,40.7728385925293,N,507,2016-03-05 17:00:00,0.0,2016,2016,3,3,5,5,17,17,0,8,0,27
252,id0914730,1,2,-73.98580169677734,40.73508071899415,-73.97923278808595,40.75020980834961,N,322,2016-02-07 23:00:00,0.0,2016,2016,2,2,7,7,23,23,0,5,0,22
253,id3359574,1,1,-73.8636016845703,40.76983642578125,-73.9637680053711,40.7554931640625,N,935,2016-02-07 23:00:00,0.0,2016,2016,2,2,7,7,23,23,0,15,0,35
255,id2500636,1,1,-73.98020172119139,40.74553298950195,-73.98650360107422,40.75342178344727,N,591,2016-04-11 09:00:00,0.0,2016,2016,4,4,11,11,9,9,0,9,0,51
256,id0359697,2,1,-73.97412872314453,40.74274826049805,-73.95073699951173,40.77096176147461,N,420,2016-01-18 14:00:00,0.0,2016,2016,1,1,18,18,14,14,0,7,0,0
257,id0058173,1,1,-73.98973846435547,40.74083709716797,-73.97583770751955,40.75535583496094,N,586,2016-02-23 13:00:00,0.254,2016,2016,2,2,23,23,13,13,0,9,0,46
258,id1538781,2,1,-73.97228240966798,40.7561912536621,-73.96802520751955,40.79978561401367,N,876,2016-02-17 22:00:00,0.0,2016,2016,2,2,17,17,22,22,0,14,0,36
259,id2107832,1,1,-73.9959487915039,40.75899505615234,-73.97948455810547,40.75870895385742,N,392,2016-05-13 07:00:00,0.0,2016,2016,5,5,13,13,7,7,0,6,0,32
260,id3398750,2,1,-74.00812530517578,40.73847961425781,-73.9983673095703,40.72096633911133,N,795,2016-02-01 19:00:00,0.0,2016,2016,2,2,1,1,19,19,0,13,0,15
261,id0159558,1,2,-73.97822570800781,40.75224304199219,-73.99052429199219,40.75053405761719,N,435,2016-01-31 17:00:00,0.0,2016,2016,1,1,31,31,17,17,0,7,0,15
262,id0352579,1,2,-73.94227600097656,40.7007942199707,-73.94397735595702,40.71970748901367,N,507,2016-05-29 01:00:00,0.0,2016,2016,5,5,29,29,1,1,0,8,0,27
263,id0191895,2,1,-73.97908020019531,40.78438186645508,-73.98429870605469,40.775638580322266,N,303,2016-02-06 23:00:00,0.0,2016,2016,2,2,6,6,23,23,0,5,0,3
264,id3510836,1,1,-73.97444915771484,40.78345489501953,-73.95884704589844,40.763893127441406,N,597,2016-03-12 23:00:00,0.0,2016,2016,3,3,12,12,23,23,0,9,0,57
265,id0226527,1,1,-73.99251556396483,40.74971389770508,-73.99905395507811,40.72373580932617,N,1666,2016-04-22 15:00:00,0.0,2016,2016,4,4,22,22,15,15,0,27,0,46
266,id1659386,2,1,-73.9902801513672,40.72507095336913,-73.99230194091797,40.71586990356445,N,372,2016-05-01 02:00:00,0.0,2016,2016,5,5,1,1,2,2,0,6,0,12
267,id3406671,1,1,-74.00428009033203,40.71302795410156,-73.9367904663086,40.82496643066406,N,1124,2016-04-08 05:00:00,0.0,2016,2016,4,4,8,8,5,5,0,18,0,44
268,id3517819,2,5,-74.00985717773438,40.70987319946289,-73.97862243652342,40.66291427612305,N,1466,2016-04-10 00:00:00,0.0,2016,2016,4,4,10,10,0,0,0,24,0,26
269,id1517366,2,1,-73.98361206054686,40.76780319213867,-73.9943618774414,40.73796081542969,N,718,2016-02-12 01:00:00,0.0,2016,2016,2,2,12,12,1,1,0,11,0,58
270,id3728113,2,3,-73.97289276123048,40.74878692626953,-74.01264190673827,40.70164489746094,N,479,2016-06-15 01:00:00,0.0,2016,2016,6,6,15,15,1,1,0,7,0,59
271,id0358100,2,1,-73.86312103271484,40.7694206237793,-73.97319030761719,40.79486846923828,N,1904,2016-03-28 15:00:00,0.0,2016,2016,3,3,28,28,15,15,0,31,0,44
272,id0139714,1,1,-73.9649658203125,40.76894760131836,-73.99102783203125,40.75582885742188,N,1164,2016-03-14 20:00:00,0.762,2016,2016,3,3,14,14,20,20,0,19,0,24
273,id1984764,2,1,-73.98466491699219,40.7347412109375,-73.9890365600586,40.74140930175781,N,287,2016-02-08 16:00:00,0.0,2016,2016,2,2,8,8,16,16,0,4,0,47
274,id1311462,2,1,-73.9707489013672,40.76044845581055,-73.96852111816406,40.75230026245117,N,302,2016-05-23 16:00:00,0.254,2016,2016,5,5,23,23,16,16,0,5,0,2
275,id0221146,1,2,-74.00674438476562,40.73100280761719,-73.98408508300781,40.73019790649415,N,654,2016-06-19 21:00:00,0.0,2016,2016,6,6,19,19,21,21,0,10,0,54
276,id3922662,2,4,-73.9826889038086,40.735328674316406,-73.98095703125,40.74176025390625,N,373,2016-04-22 22:00:00,0.0,2016,2016,4,4,22,22,22,22,0,6,0,13
277,id3922689,2,5,-74.008056640625,40.72288131713867,-73.98980712890625,40.734466552734375,N,667,2016-05-07 01:00:00,0.0,2016,2016,5,5,7,7,1,1,0,11,0,7
278,id3951445,2,1,-73.9984817504883,40.75044631958008,-73.9625244140625,40.71969223022461,N,1181,2016-05-28 05:00:00,0.0,2016,2016,5,5,28,28,5,5,0,19,0,41
279,id1757575,1,1,-74.00367736816406,40.73181915283203,-73.81671142578125,40.71265411376953,N,1616,2016-03-31 01:00:00,0.0,2016,2016,3,3,31,31,1,1,0,26,0,56
280,id2932199,2,5,-73.95506286621094,40.76749801635742,-73.93634033203125,40.803977966308594,N,816,2016-06-04 13:00:00,0.0,2016,2016,6,6,4,4,13,13,0,13,0,36
281,id2828089,1,1,-73.94449615478516,40.78755569458008,-73.93707275390625,40.693359375,N,1592,2016-01-25 03:00:00,0.0,2016,2016,1,1,25,25,3,3,0,26,0,32
282,id3859020,2,1,-73.97779083251955,40.7739372253418,-73.98173522949219,40.762882232666016,N,565,2016-03-15 10:00:00,0.0,2016,2016,3,3,15,15,10,10,0,9,0,25
283,id1800377,2,3,-73.96906280517578,40.76315689086913,-73.99576568603516,40.7266731262207,N,1400,2016-02-18 11:00:00,0.0,2016,2016,2,2,18,18,11,11,0,23,0,20
284,id2335869,2,1,-73.97289276123048,40.76145935058594,-73.98673248291014,40.74245834350585,N,766,2016-03-04 13:00:00,0.0,2016,2016,3,3,4,4,13,13,0,12,0,46
285,id2899481,2,1,-74.00056457519531,40.742435455322266,-73.9908676147461,40.73629760742188,N,457,2016-04-11 15:00:00,0.0,2016,2016,4,4,11,11,15,15,0,7,0,37
286,id2558573,2,5,-73.94680786132812,40.784217834472656,-73.96868896484375,40.79862976074219,N,851,2016-04-11 15:00:00,0.0,2016,2016,4,4,11,11,15,15,0,14,0,11
287,id3454184,2,1,-73.98942565917969,40.73509979248047,-73.99243927001955,40.72529220581055,N,384,2016-05-26 21:00:00,0.0,2016,2016,5,5,26,26,21,21,0,6,0,24
288,id3421097,2,6,-73.99140167236328,40.75017166137695,-74.01451110839844,40.71401977539063,N,1432,2016-03-31 13:00:00,0.0,2016,2016,3,3,31,31,13,13,0,23,0,52
289,id1934552,2,1,-73.96595764160156,40.78989791870117,-73.96490478515625,40.76675033569336,N,1451,2016-01-15 15:00:00,0.0,2016,2016,1,1,15,15,15,15,0,24,0,11
290,id2364392,2,1,-74.00776672363281,40.71477890014648,-74.00641632080078,40.70943832397461,N,327,2016-01-15 15:00:00,0.0,2016,2016,1,1,15,15,15,15,0,5,0,27
291,id3725591,1,1,-73.96876525878906,40.786048889160156,-74.01167297363281,40.7144660949707,N,1300,2016-01-01 05:00:00,0.0,2016,2016,1,1,1,1,5,5,0,21,0,40
292,id3858293,1,1,-73.96287536621094,40.76702880859375,-73.95246124267578,40.78396987915039,N,314,2016-03-28 14:00:00,0.0,2016,2016,3,3,28,28,14,14,0,5,0,14
293,id2687560,1,4,-74.01715087890625,40.70534133911133,-74.01007080078125,40.7146110534668,N,400,2016-01-31 12:00:00,0.0,2016,2016,1,1,31,31,12,12,0,6,0,40
294,id2694397,1,1,-74.00653839111328,40.7384147644043,-73.98221588134766,40.75918197631836,N,1250,2016-02-25 11:00:00,0.0,2016,2016,2,2,25,25,11,11,0,20,0,50
295,id0957016,1,3,-73.95761108398438,40.78539657592773,-73.9632110595703,40.7773551940918,N,229,2016-01-12 17:00:00,0.0,2016,2016,1,1,12,12,17,17,0,3,0,49
296,id3148335,1,1,-73.98206329345702,40.764869689941406,-73.99320220947266,40.75723648071289,N,260,2016-02-22 23:00:00,0.0,2016,2016,2,2,22,22,23,23,0,4,0,20
297,id2904123,1,1,-73.94940948486328,40.79137420654297,-73.95132446289062,40.788673400878906,N,292,2016-03-18 13:00:00,0.0,2016,2016,3,3,18,18,13,13,0,4,0,52
298,id1373477,1,1,-73.97922515869139,40.753089904785156,-73.98503875732422,40.75823211669922,N,339,2016-05-15 08:00:00,0.0,2016,2016,5,5,15,15,8,8,0,5,0,39
299,id1854933,2,1,-73.78957366943358,40.6473045349121,-73.9898681640625,40.69140625,N,2748,2016-01-03 18:00:00,0.0,2016,2016,1,1,3,3,18,18,0,45,0,48
300,id2349926,2,5,-73.98210906982422,40.776851654052734,-73.97638702392578,40.751258850097656,N,948,2016-03-15 22:00:00,0.0,2016,2016,3,3,15,15,22,22,0,15,0,48
301,id0028830,2,3,-73.99221801757811,40.735252380371094,-73.96258544921875,40.71009063720703,N,1045,2016-05-15 13:00:00,0.0,2016,2016,5,5,15,15,13,13,0,17,0,25
302,id0201663,2,3,-74.00286102294923,40.74449157714844,-73.99478912353516,40.74007034301758,N,280,2016-03-22 14:00:00,0.0,2016,2016,3,3,22,22,14,14,0,4,0,40
303,id1406351,2,1,-73.98131561279298,40.73269653320313,-73.99109649658203,40.718109130859375,N,537,2016-04-12 08:00:00,1.524,2016,2016,4,4,12,12,8,8,0,8,0,57
304,id2836754,2,2,-73.95916748046875,40.78327560424805,-73.97463226318358,40.7617301940918,N,648,2016-01-04 14:00:00,0.0,2016,2016,1,1,4,4,14,14,0,10,0,48
305,id3110204,2,1,-73.9557113647461,40.778823852539055,-73.97511291503906,40.76374053955078,N,1612,2016-04-12 12:00:00,0.0,2016,2016,4,4,12,12,12,12,0,26,0,52
306,id3314913,2,5,-73.97198486328125,40.75645065307617,-73.87041473388672,40.773685455322266,N,1268,2016-02-04 13:00:00,0.0,2016,2016,2,2,4,4,13,13,0,21,0,8
307,id2361986,2,1,-73.97798156738281,40.76411819458008,-73.98452758789062,40.75925064086913,N,1769,2016-06-08 15:00:00,0.254,2016,2016,6,6,8,8,15,15,0,29,0,29
308,id2073394,1,1,-73.98928070068358,40.688724517822266,-74.00191497802734,40.68658065795898,N,237,2016-05-17 00:00:00,0.0,2016,2016,5,5,17,17,0,0,0,3,0,57
309,id2654801,1,1,-73.9496841430664,40.77114486694336,-73.95257568359375,40.76543426513672,N,102,2016-03-26 17:00:00,0.0,2016,2016,3,3,26,26,17,17,0,1,0,42
310,id0680234,2,1,-73.87088012695312,40.77373123168945,-73.9738998413086,40.75025939941406,N,1153,2016-01-11 17:00:00,0.0,2016,2016,1,1,11,11,17,17,0,19,0,13
311,id2319073,2,1,-73.9771728515625,40.780235290527344,-73.96813201904298,40.764625549316406,N,879,2016-01-22 16:00:00,0.0,2016,2016,1,1,22,22,16,16,0,14,0,39
312,id3595911,1,1,-73.99461364746094,40.72600936889648,-73.93614959716798,40.69855880737305,N,1026,2016-01-14 00:00:00,0.0,2016,2016,1,1,14,14,0,0,0,17,0,6
313,id0282276,1,2,-73.79016876220702,40.64677810668945,-73.7901611328125,40.646785736083984,Y,27,2016-06-11 06:00:00,0.0,2016,2016,6,6,11,11,6,6,0,0,0,27
314,id3446842,1,1,-73.97993469238281,40.74321365356445,-73.86478424072266,40.77031326293945,N,2100,2016-05-27 14:00:00,0.0,2016,2016,5,5,27,27,14,14,0,35,0,0
315,id2740030,1,1,-74.00565338134766,40.745567321777344,-73.99964141845702,40.7536735534668,N,236,2016-01-05 10:00:00,0.0,2016,2016,1,1,5,5,10,10,0,3,0,56
316,id3927856,2,6,-73.95458221435547,40.777931213378906,-73.98355102539062,40.76942825317383,N,601,2016-04-12 23:00:00,0.0,2016,2016,4,4,12,12,23,23,0,10,0,1
317,id0295227,2,1,-73.866943359375,40.77178192138672,-74.01468658447266,40.71551132202149,N,1939,2016-03-16 07:00:00,0.0,2016,2016,3,3,16,16,7,7,0,32,0,19
318,id1500638,1,1,-73.95801544189453,40.80100631713867,-73.94363403320312,40.792984008789055,N,467,2016-05-20 07:00:00,0.0,2016,2016,5,5,20,20,7,7,0,7,0,47
319,id2049731,2,1,-73.9631576538086,40.79425048828125,-73.97725677490234,40.78966903686523,N,349,2016-06-25 10:00:00,0.0,2016,2016,6,6,25,25,10,10,0,5,0,49
320,id1595902,2,2,-73.99994659423827,40.74322891235352,-73.99128723144531,40.745079040527344,N,272,2016-06-25 15:00:00,0.0,2016,2016,6,6,25,25,15,15,0,4,0,32
321,id0846062,1,1,-73.99510192871094,40.74230194091797,-74.00082397460938,40.72417449951172,N,709,2016-04-26 19:00:00,0.0,2016,2016,4,4,26,26,19,19,0,11,0,49
322,id2968418,2,2,-73.95536041259766,40.773529052734375,-73.97700500488281,40.782657623291016,N,312,2016-05-04 02:00:00,0.0,2016,2016,5,5,4,4,2,2,0,5,0,12
323,id1408679,2,1,-73.97858428955078,40.75176239013672,-73.98152923583984,40.74669647216797,N,161,2016-01-14 10:00:00,0.0,2016,2016,1,1,14,14,10,10,0,2,0,41
324,id1931849,1,1,-73.9523696899414,40.77310562133789,-73.99678802490234,40.74237823486328,N,1158,2016-03-10 22:00:00,0.0,2016,2016,3,3,10,10,22,22,0,19,0,18
325,id2401337,2,6,-73.9969711303711,40.72264099121094,-73.99579620361328,40.73271560668945,N,643,2016-06-10 23:00:00,0.0,2016,2016,6,6,10,10,23,23,0,10,0,43
326,id1544006,1,2,-73.98412322998048,40.72932434082031,-73.95060729980467,40.779388427734375,N,939,2016-03-04 22:00:00,0.0,2016,2016,3,3,4,4,22,22,0,15,0,39
327,id0362129,2,5,-73.97679138183594,40.764461517333984,-73.98497772216798,40.77376174926758,N,421,2016-06-11 10:00:00,0.0,2016,2016,6,6,11,11,10,10,0,7,0,1
328,id0032413,1,1,-74.00137329101562,40.741127014160156,-73.9940414428711,40.73953247070313,N,485,2016-06-08 12:00:00,7.62,2016,2016,6,6,8,8,12,12,0,8,0,5
329,id1468900,2,6,-73.98820495605469,40.749847412109375,-74.00406646728516,40.722415924072266,N,1386,2016-05-06 15:00:00,0.0,2016,2016,5,5,6,6,15,15,0,23,0,6
330,id1992013,1,1,-74.00821685791014,40.714759826660156,-73.99076843261719,40.7418098449707,N,663,2016-01-23 14:00:00,3.81,2016,2016,1,1,23,23,14,14,0,11,0,3
331,id1843245,1,1,-73.97379302978516,40.75793838500977,-73.98313903808595,40.763496398925774,N,836,2016-04-26 10:00:00,0.0,2016,2016,4,4,26,26,10,10,0,13,0,56
332,id1483307,2,6,-73.98558044433594,40.76308059692383,-73.9793930053711,40.76612091064453,N,302,2016-02-22 16:00:00,0.0,2016,2016,2,2,22,22,16,16,0,5,0,2
333,id1331111,2,2,-73.98158264160156,40.76668930053711,-73.97901153564453,40.76502990722656,N,798,2016-03-17 15:00:00,0.0,2016,2016,3,3,17,17,15,15,0,13,0,18
334,id3837767,2,1,-74.00634002685547,40.75138473510742,-73.98438262939453,40.71535110473633,N,1571,2016-01-22 12:00:00,0.0,2016,2016,1,1,22,22,12,12,0,26,0,11
335,id0855566,2,1,-73.9877395629883,40.75999069213867,-73.95217895507811,40.78142929077149,N,672,2016-02-03 23:00:00,0.0,2016,2016,2,2,3,3,23,23,0,11,0,12
336,id0273690,2,1,-73.95461273193358,40.78760528564453,-73.9816665649414,40.770416259765625,N,929,2016-03-04 19:00:00,0.0,2016,2016,3,3,4,4,19,19,0,15,0,29
337,id1426757,1,2,-73.98638153076173,40.73519134521485,-73.97805786132812,40.72138977050781,N,1945,2016-05-22 00:00:00,0.0,2016,2016,5,5,22,22,0,0,0,32,0,25
338,id2277395,2,5,-73.98906707763672,40.75371170043945,-73.94956970214845,40.77257919311523,N,1164,2016-06-29 20:00:00,0.0,2016,2016,6,6,29,29,20,20,0,19,0,24
339,id3555454,1,1,-73.9633255004883,40.7774543762207,-73.9501724243164,40.783939361572266,N,350,2016-04-16 22:00:00,0.0,2016,2016,4,4,16,16,22,22,0,5,0,50
340,id0153942,2,1,-74.0014114379883,40.739219665527344,-73.9876480102539,40.7327995300293,N,276,2016-04-16 03:00:00,0.0,2016,2016,4,4,16,16,3,3,0,4,0,36
341,id3129905,2,3,-73.97498321533203,40.7558708190918,-73.96028900146483,40.78144073486328,N,629,2016-01-16 11:00:00,0.0,2016,2016,1,1,16,16,11,11,0,10,0,29
342,id1756759,1,2,-73.98331451416014,40.76614761352539,-73.9547576904297,40.80520629882813,N,889,2016-06-17 01:00:00,0.0,2016,2016,6,6,17,17,1,1,0,14,0,49
343,id3518244,1,2,-73.98360443115234,40.7437858581543,-73.7840118408203,40.64349365234375,N,2634,2016-04-21 08:00:00,0.0,2016,2016,4,4,21,21,8,8,0,43,0,54
344,id3088053,1,1,-73.9855728149414,40.72352981567383,-73.96977996826173,40.76294708251953,N,1768,2016-02-03 15:00:00,5.587999999999999,2016,2016,2,2,3,3,15,15,0,29,0,28
345,id0216836,1,1,-73.94888305664062,40.78166580200195,-73.9537353515625,40.77532958984375,N,215,2016-01-19 19:00:00,0.0,2016,2016,1,1,19,19,19,19,0,3,0,35
346,id2189099,2,2,-73.98346710205078,40.732872009277344,-73.99645233154298,40.74820327758789,N,1644,2016-03-30 11:00:00,0.0,2016,2016,3,3,30,30,11,11,0,27,0,24
347,id0387426,2,1,-73.98471069335938,40.74741744995117,-73.95854949951173,40.764472961425774,N,885,2016-04-29 20:00:00,0.0,2016,2016,4,4,29,29,20,20,0,14,0,45
348,id3533423,1,1,-73.96129608154298,40.802005767822266,-73.9573516845703,40.81542205810547,N,461,2016-05-01 10:00:00,0.508,2016,2016,5,5,1,1,10,10,0,7,0,41
349,id3763715,2,1,-74.00150299072266,40.746280670166016,-74.00369262695312,40.73881149291992,N,302,2016-04-08 13:00:00,0.0,2016,2016,4,4,8,8,13,13,0,5,0,2
350,id1418540,1,1,-73.992919921875,40.72355651855469,-74.00457763671875,40.706367492675774,N,692,2016-04-02 18:00:00,0.0,2016,2016,4,4,2,2,18,18,0,11,0,32
351,id2491984,2,6,-73.98599243164062,40.75754165649415,-73.98748779296875,40.75627136230469,N,4817,2016-01-29 09:00:00,0.0,2016,2016,1,1,29,29,9,10,0,20,0,17
352,id0825847,1,1,-73.98827362060547,40.75923538208008,-73.96158599853516,40.78002166748047,N,649,2016-04-01 14:00:00,0.0,2016,2016,4,4,1,1,14,14,0,10,0,49
353,id2711532,2,1,-73.96630096435547,40.758338928222656,-73.91676330566406,40.76850128173828,N,2244,2016-05-20 00:00:00,0.0,2016,2016,5,5,20,20,0,0,0,37,0,24
354,id0844791,2,1,-73.99463653564453,40.750301361083984,-73.9837188720703,40.743839263916016,N,1083,2016-05-05 14:00:00,0.0,2016,2016,5,5,5,5,14,14,0,18,0,3
355,id3226582,2,6,-73.96541595458984,40.76930618286133,-73.95677185058595,40.781837463378906,N,230,2016-01-04 23:00:00,0.0,2016,2016,1,1,4,4,23,23,0,3,0,50
356,id3110638,2,1,-73.96324920654298,40.76327133178711,-73.99828338623048,40.76094818115234,N,609,2016-04-06 06:00:00,0.0,2016,2016,4,4,6,6,6,6,0,10,0,9
357,id2689935,2,3,-74.00289916992188,40.76032638549805,-73.98957061767578,40.772804260253906,N,301,2016-02-05 18:00:00,0.0,2016,2016,2,2,5,5,18,18,0,5,0,1
358,id3805236,2,1,-73.94132995605469,40.83921813964844,-73.95897674560547,40.80096054077149,N,1070,2016-05-22 14:00:00,0.0,2016,2016,5,5,22,22,14,14,0,17,0,50
359,id0849127,1,1,-73.99191284179686,40.75030899047852,-73.97285461425781,40.75655364990234,N,791,2016-05-01 16:00:00,0.0,2016,2016,5,5,1,1,16,16,0,13,0,11
360,id2580167,1,1,-73.98566436767578,40.759071350097656,-74.00540161132812,40.73595809936523,N,814,2016-04-12 19:00:00,0.0,2016,2016,4,4,12,12,19,19,0,13,0,34
361,id3386895,1,1,-73.9645004272461,40.76399993896485,-73.97321319580078,40.75719451904297,N,273,2016-05-12 21:00:00,0.0,2016,2016,5,5,12,12,21,21,0,4,0,33
362,id2930705,1,2,-73.9846420288086,40.75125122070313,-73.93742370605469,40.74140548706055,N,1446,2016-01-14 08:00:00,0.0,2016,2016,1,1,14,14,8,8,0,24,0,6
363,id1045015,2,5,-74.01457977294923,40.71451187133789,-73.98639678955078,40.76828002929688,N,1599,2016-01-17 17:00:00,0.254,2016,2016,1,1,17,17,17,17,0,26,0,39
364,id3155241,1,2,-73.95369720458984,40.79876327514648,-73.96881103515625,40.80182647705078,N,500,2016-02-16 02:00:00,0.254,2016,2016,2,2,16,16,2,2,0,8,0,20
365,id1042185,1,1,-73.98937225341797,40.75286865234375,-73.94224548339844,40.84289169311523,N,1107,2016-01-22 06:00:00,0.0,2016,2016,1,1,22,22,6,6,0,18,0,27
366,id0687753,2,1,-73.9638671875,40.774429321289055,-73.95384216308594,40.77970886230469,N,394,2016-02-09 00:00:00,0.0,2016,2016,2,2,9,9,0,0,0,6,0,34
367,id1196731,1,1,-73.96916198730467,40.76375961303711,-73.97604370117188,40.78873062133789,N,826,2016-01-08 13:00:00,0.0,2016,2016,1,1,8,8,13,13,0,13,0,46
368,id1710528,2,3,-73.78779602050781,40.6415901184082,-74.00444793701173,40.72977828979492,N,1634,2016-05-16 01:00:00,0.0,2016,2016,5,5,16,16,1,1,0,27,0,14
369,id0248249,2,1,-73.97965240478516,40.75949096679688,-73.78321075439453,40.64384841918945,N,2141,2016-02-09 12:00:00,0.0,2016,2016,2,2,9,9,12,12,0,35,0,41
370,id3965684,1,1,-73.88478851318358,40.755638122558594,-73.8927993774414,40.749698638916016,N,230,2016-04-25 04:00:00,0.0,2016,2016,4,4,25,25,4,4,0,3,0,50
371,id1396178,1,1,-74.00547790527344,40.727893829345696,-73.9815902709961,40.721282958984375,N,849,2016-01-28 16:00:00,0.0,2016,2016,1,1,28,28,16,16,0,14,0,9
372,id1614221,2,1,-73.99118041992188,40.73904418945313,-73.99525451660156,40.73387908935547,N,168,2016-02-17 18:00:00,0.0,2016,2016,2,2,17,17,18,18,0,2,0,48
373,id3964316,1,1,-73.96268463134766,40.799312591552734,-73.94751739501955,40.79793167114258,N,526,2016-06-22 15:00:00,0.0,2016,2016,6,6,22,22,15,15,0,8,0,46
374,id1773460,2,6,-73.95231628417969,40.77705764770508,-73.90564727783203,40.74531173706055,N,995,2016-06-03 21:00:00,0.0,2016,2016,6,6,3,3,21,21,0,16,0,35
375,id3659885,2,1,-73.97406005859375,40.79165267944336,-73.97071075439453,40.79862594604492,N,206,2016-02-02 23:00:00,0.0,2016,2016,2,2,2,2,23,23,0,3,0,26
376,id1455723,2,1,-73.98815155029298,40.77952575683594,-73.99581146240234,40.74180603027344,N,1078,2016-04-08 23:00:00,0.0,2016,2016,4,4,8,8,23,23,0,17,0,58
377,id1650543,1,1,-74.00763702392578,40.74311065673828,-73.98988342285155,40.75263977050781,N,400,2016-03-18 14:00:00,0.0,2016,2016,3,3,18,18,14,14,0,6,0,40
378,id2379602,1,2,-73.9906005859375,40.7509994506836,-73.97804260253906,40.75802612304688,N,420,2016-02-07 12:00:00,0.0,2016,2016,2,2,7,7,12,12,0,7,0,0
379,id2139547,2,1,-73.96734619140625,40.7602424621582,-73.98623657226562,40.72795104980469,N,661,2016-03-23 23:00:00,0.0,2016,2016,3,3,23,23,23,23,0,11,0,1
380,id0399992,1,1,-73.9916000366211,40.74468994140625,-73.99381256103516,40.73279190063477,N,1337,2016-05-25 12:00:00,0.0,2016,2016,5,5,25,25,12,12,0,22,0,17
382,id1338063,2,1,-74.003662109375,40.74728012084961,-73.99405670166014,40.75121688842773,N,199,2016-04-08 21:00:00,0.0,2016,2016,4,4,8,8,21,21,0,3,0,19
383,id1548609,1,1,-73.9952621459961,40.74479675292969,-73.9794692993164,40.7612419128418,N,383,2016-06-01 07:00:00,0.0,2016,2016,6,6,1,1,7,7,0,6,0,23
384,id0191502,2,6,-73.98001098632812,40.748870849609375,-73.97601318359375,40.7570686340332,N,409,2016-01-04 16:00:00,0.0,2016,2016,1,1,4,4,16,16,0,6,0,49
385,id0836107,1,1,-73.97970581054686,40.78401565551758,-73.9367446899414,40.847557067871094,N,1358,2016-02-25 16:00:00,0.0,2016,2016,2,2,25,25,16,16,0,22,0,38
